time_fs,energy_kcal,C3-H7,O2-H7,O1-O2,C1-O1
1.5,-192221.3771632404,1.0551857664542603,2.176352693628253,1.3728099761984467,1.299777885897223
3.0,-192221.61890450396,1.0664039438393784,2.230083972171777,1.3823794920813315,1.3106007451241264
4.5,-192220.7752421018,1.0677263395529148,2.2555706520001544,1.388777853973874,1.316259940022283
6.0,-192225.9759797331,1.0471417090987385,2.2550013486881424,1.3913611822938368,1.315119860168537
7.5,-192229.62794640218,1.0587086797706589,2.2257131689588605,1.3888650700672704,1.311734269553796
9.0,-192239.63981267784,1.0847037119697203,2.192509782841431,1.3815066574214125,1.3075317010554175
10.5,-192250.33586359836,1.0956360021652265,2.173394633512679,1.3723436915758163,1.2999261394026853
12.0,-192269.1151789774,1.105345534470874,2.16633781908174,1.3652598250270593,1.291628845707532
13.5,-192296.22713515192,1.1001774718716426,2.1890542188654165,1.3637699614660335,1.2884402998943252
15.0,-192323.42483035743,1.0701385462305204,2.254227872039517,1.3704486741126503,1.2909562777822257
16.5,-192341.5313907478,1.0485381848034538,2.3472981124803405,1.38667146504167,1.2950540540283515
18.0,-192340.6132696925,1.0281518969410033,2.46456905561889,1.4123912465950503,1.296256877548773
19.5,-192332.08089199293,0.9941380243752556,2.5896269725494965,1.4448410146460657,1.295863927236387
21.0,-192321.5219475019,0.9825745221713252,2.695890863787877,1.4800006756307793,1.3009184214651497
22.5,-192309.22193310288,0.9918144974745366,2.771981145597224,1.5145229027895633,1.3166855903747383
24.0,-192300.9886935897,0.9940536467186257,2.8117738327878907,1.5467112598216401,1.3434396556619457
25.5,-192300.3221042534,0.9998939593276875,2.81268803795105,1.5761217184295813,1.3784292300305592
27.0,-192297.89147041301,1.015867054699054,2.784836440159512,1.602483231537708,1.4179064357156383
28.5,-192291.56386367857,1.0240382814817008,2.750577930273635,1.6248952313861356,1.4581695168547308
30.0,-192287.1690738275,1.0226275233064064,2.7327098302353705,1.6423157309315826,1.4958371966829647
31.5,-192283.8675783895,1.0268709047146694,2.7436642354267042,1.6549529263059224,1.5270460894980624
33.0,-192279.40378240362,1.0366642926451266,2.7821195408015127,1.6642369971890585,1.5475431066263279
34.5,-192277.35599950116,1.0388689829677928,2.836555275623885,1.6712097389389975,1.5545218009782815
36.0,-192276.81321989043,1.0342509227634955,2.8929367705391424,1.6756666099846629,1.5468246851422975
37.5,-192273.21552354613,1.0318811482684722,2.939042109861125,1.6771094422653117,1.5236587058535218
39.0,-192269.53546089068,1.0244620821986035,2.9637563577194594,1.6758520721695407,1.4847872873327237
40.5,-192271.20906321524,0.9990818141145531,2.9608321365108687,1.672339446228274,1.432327320453368
42.0,-192275.04984512413,0.9701879650730941,2.9375224931774975,1.6659374593061207,1.3724979623982423
43.5,-192277.7948478091,0.965337546853599,2.909421582758056,1.6548934944132032,1.31592170379652
45.0,-192280.80829159106,0.9799328317027133,2.8843926918386034,1.6374761895735113,1.2746484671070188
46.5,-192284.02112271544,0.9871793527062528,2.8607722887992497,1.6134274052762532,1.2566007328476212
48.0,-192291.2130981979,0.9838040336609829,2.835392795978101,1.5842971650133366,1.2613752816101764
49.5,-192301.46437493712,0.9936734258432638,2.8012199995369182,1.551879679894258,1.2815721162023492
51.0,-192311.09194077284,1.0184834994800038,2.736561503415599,1.5170400574589373,1.3097401595467604
52.5,-192325.60365833697,1.0348377718503776,2.6231399210980486,1.4811856148059488,1.3424373402788234
54.0,-192339.5352518032,1.0428356429172465,2.4853711737292743,1.4482926226929829,1.3760164963671706
55.5,-192340.14090100248,1.0744438266166765,2.3835885833814086,1.4241728472379593,1.4054958083783418
57.0,-192343.23629247976,1.102107123872682,2.3681359624190637,1.412700984840962,1.4288072626179873
58.5,-192345.61758999902,1.0646997562004197,2.4508361782057637,1.4141876343731146,1.4439134298603817
60.0,-192333.24829926057,1.0101613848677324,2.5820463445764807,1.426769800743781,1.4465744222408972
61.5,-192328.4213059084,1.0346539234155876,2.6886982298445736,1.4473173743704655,1.4360036906505367
63.0,-192320.90021354865,1.0444518794136322,2.7408065635727437,1.4732675756636202,1.415857700517992
64.5,-192315.7541024302,0.9854338941284846,2.725249112375772,1.5032826389140692,1.394472906643455
66.0,-192316.6375045939,0.9807188880476978,2.649045694048548,1.537031160839765,1.379831943945785
67.5,-192311.3167866075,1.0113155647160676,2.5488725283614673,1.5731252461168979,1.373478128736547
69.0,-192304.11702473898,1.008218991321121,2.457020849356214,1.6088244411250396,1.3704618879078208
70.5,-192299.2136222214,1.051031605930757,2.358427003843337,1.642626856965153,1.3627735653098123
72.0,-192298.35025200967,1.084331072511459,2.2748065007227054,1.674601264798467,1.3488050929118598
73.5,-192301.2654370733,1.054448644511561,2.2379599668469226,1.7051089315913583,1.3385302187903168
75.0,-192305.7152235749,1.0550523020326,2.2143219988553624,1.7334940034614177,1.3419042356756221
76.5,-192311.0805622649,1.0661877973549225,2.217152365611059,1.757208248902906,1.3577408164018594
78.0,-192311.11959778078,1.0121734806801614,2.2757282330962876,1.7739305347658096,1.3807457406972592
79.5,-192309.512568418,0.9741931006426808,2.3388927098225474,1.7831545294409827,1.4074180840338384
81.0,-192312.6494637941,0.9752293995562115,2.3967393092497202,1.7844495354476455,1.4316321770006812
82.5,-192315.12840179456,0.963293612765659,2.471515947185829,1.7767743078315985,1.447389110036074
84.0,-192321.68789160278,0.9735592628568795,2.549346532322618,1.7600517203051604,1.4541718815727547
85.5,-192329.50756544305,1.0022538246065436,2.609005634947677,1.7358943696459919,1.4507320859718338
87.0,-192335.60388325326,0.9994065869568715,2.629324076704684,1.7075850661818655,1.4345190873637288
88.5,-192338.12775693022,1.0211015786219935,2.596811527181826,1.6786693209403745,1.4099598311280506
90.0,-192336.5723310707,1.062514016277618,2.529806291668481,1.6522875397749894,1.3866203674992903
91.5,-192337.1807517303,1.0316622715835413,2.4706418405357766,1.6327766333234564,1.3687130578533349
93.0,-192339.39334809172,0.9850564967553065,2.444270984764064,1.6236441290365917,1.3557702286516264
94.5,-192344.76597396852,1.015078881353602,2.4468893829568437,1.6232634616908026,1.3506387877549741
96.0,-192347.41790987927,1.0130675857223925,2.485413635507468,1.6270889212558204,1.3560041887294942
97.5,-192347.10280079633,0.9659257379958596,2.5409253790956754,1.6327786210425803,1.369296265801333
99.0,-192357.51179673543,1.0101130235258822,2.5699810209980525,1.6375373736883598,1.390880924707993
100.5,-192359.62964917638,1.012030371389165,2.5811969089470006,1.6379451460707062,1.4213933699539796
102.0,-192353.5425577223,0.9772896134210439,2.5869830855693414,1.6345814077299152,1.4549944603495837
103.5,-192338.84110425087,1.0547039052649683,2.589594669132354,1.6311421341616157,1.4803743169693284
105.0,-192326.86222315236,1.1003203512128554,2.6037140831335135,1.6308095684723758,1.4907793471439228
106.5,-192317.5090367704,1.0499537037831697,2.622079010338714,1.6362089147113426,1.490066622411419
108.0,-192311.0698891411,1.026902757775826,2.635290216730025,1.649259303318705,1.4853793841144738
109.5,-192311.58683852572,1.0760862735347967,2.6580430311043997,1.6712124313519732,1.4796185424190056
111.0,-192310.5754092162,1.091859441482213,2.699227454499319,1.7023501061763058,1.474744997493334
112.5,-192311.5367714044,1.0227974017380341,2.74270257950253,1.7408310628408215,1.473008889652271
114.0,-192303.3740469243,0.9587145259255432,2.7823862187527144,1.7827166025717622,1.4729993023070285
115.5,-192309.14776581453,0.9825439668982924,2.8145081378349537,1.8230708369890805,1.4718240083709915
117.0,-192309.35668375934,1.002973266147442,2.826142772634862,1.8582477887203124,1.466253381625753
118.5,-192310.36052383404,0.9764107793296504,2.8020537919248794,1.8864593158735956,1.4515781887843013
120.0,-192319.49579295664,0.989392777139353,2.725395005680224,1.9077262732429758,1.4218439019291558
121.5,-192320.54797671598,1.0415384611922613,2.5892191122106345,1.9243867834538306,1.376894237242495
123.0,-192325.93649317994,1.0638693954972929,2.4359109044957927,1.9392899976731741,1.3258697101458765
124.5,-192323.3592647872,1.0431207076948827,2.337621686337188,1.953224314946295,1.2790280582077929
126.0,-192327.60535427625,1.0332654227341973,2.3154241794319375,1.9663488810324496,1.2466681764828424
127.5,-192329.6268441116,1.084560645092384,2.3277408765238796,1.9763542441465232,1.239963607746986
129.0,-192331.46650687314,1.102399336101872,2.3744662601669346,1.9770147532611024,1.2613510644918249
130.5,-192332.91186159797,1.0144137150780004,2.4503552014641428,1.963133957780995,1.2951339608503807
132.0,-192341.58891418783,0.9782635791034243,2.4715967950852535,1.934315113473776,1.3227797818686833
133.5,-192352.12831215395,1.032235346529589,2.4182823472149364,1.8901100216434628,1.339793564452278
135.0,-192355.84251213385,0.9777632917842694,2.3825096050862884,1.8278399150918359,1.3499527669672977
136.5,-192356.32708487555,0.9674953508628831,2.313466498884676,1.7486637242355185,1.3560150015385382
138.0,-192348.05922441868,1.0677080115298567,2.1909647272552544,1.6582858542112664,1.3594951280112282
139.5,-192352.26343358748,1.0573748287154237,2.1290196471964546,1.5643269364249508,1.363224977912156
141.0,-192352.16643133268,1.0308533790232124,2.0786472292217484,1.4756924847342299,1.3677442670672932
142.5,-192355.43985315243,1.0825204815669003,2.0228691950315785,1.4025865436599387,1.3720728669232385
144.0,-192348.7353379272,1.0778753219772976,2.07436547594671,1.3554698553272462,1.3775948418884008
145.5,-192349.19433705413,1.0169293247770164,2.221028223020459,1.341453204702176,1.3845796925530038
147.0,-192339.14578572064,1.0261424250932591,2.3753721232043192,1.361594157407622,1.3864905983472364
148.5,-192336.87648616952,1.0315066424686692,2.5024075211636747,1.409264877896459,1.3800012607371643
150.0,-192332.87030894647,0.9697196684206443,2.584205585731651,1.476155934265259,1.3670561087509567
151.5,-192339.92646266564,0.96238771408704,2.632255274097449,1.5540324611184362,1.3545787127351758
153.0,-192340.78931708244,1.0059830729518646,2.663859476284135,1.6353116870020572,1.3499966690746095
154.5,-192349.76065199554,0.9979762320710182,2.6809043471397103,1.7147888453393532,1.3596851390373708
156.0,-192345.32749047043,1.0013455126803683,2.7064169311498794,1.7899495581080336,1.383848441838592
157.5,-192343.34392723307,1.041786141758839,2.7622041660147296,1.8584359729624098,1.4124963613511357
159.0,-192333.683443483,1.0583154509678885,2.8428331737374335,1.917267755052277,1.4328379208645778
160.5,-192329.41348108125,1.0727139721631425,2.9278834571028356,1.964866165506545,1.439227409636287
162.0,-192327.03747408168,1.0535803481721322,3.021652286828766,2.0006274115327707,1.4252109258045662
163.5,-192329.0206751803,0.9921251712850704,3.1405898514706356,2.024822573792767,1.3891289895485268
165.0,-192328.2899063344,0.9891033008990165,3.291995155581076,2.0389510967133564,1.3422008079940695
166.5,-192322.25142691488,1.0068564363771442,3.44498279994905,2.0453059510076375,1.297717152472907
168.0,-192317.7834901449,0.9700426485388403,3.5609614699949526,2.046018302896942,1.2637811524717983
169.5,-192316.91513461358,0.9642138252675089,3.6555655523210553,2.041957397121568,1.2454330073230857
171.0,-192323.4503531969,1.0098008623073718,3.7172721174942907,2.0324505708752016,1.2452273134629337
172.5,-192328.00797117993,1.004650373387333,3.694610856254204,2.015089024305608,1.259199754092513
174.0,-192320.99691335866,1.0036131968412607,3.6071169844619364,1.986432625535226,1.2763087675909839
175.5,-192317.3833919479,1.0665748617931903,3.501459823056198,1.9442297805958604,1.2859746375696046
177.0,-192323.37603621418,1.078876339260757,3.4156323507958057,1.8877156338076109,1.2877322666955517
178.5,-192328.98578444158,1.0274716957387957,3.4057276701754553,1.8166354666421147,1.2895585034682042
180.0,-192334.74623487063,1.046356443957606,3.4871066604947383,1.7311169725194844,1.296267605363025
181.5,-192336.80102724448,1.1009612965741213,3.625075987600372,1.6327556776181051,1.3043359181419851
183.0,-192340.89776095835,1.0542547668624078,3.7431334705905615,1.5253359226540322,1.3127338855493518
184.5,-192343.44491933542,0.9799372152414658,3.789961297606241,1.4141012449636248,1.3284163746134001
186.0,-192350.05468104652,0.9866487053680902,3.7830465491717296,1.3089943763391882,1.3529089129608527
187.5,-192345.21335599816,0.998787497134859,3.7452994363243852,1.226940073999991,1.3778875170336014
189.0,-192341.02072830475,0.9703155720675721,3.694422463261527,1.1838059941327979,1.3953512616873576
190.5,-192336.81792936637,0.9753888671057366,3.662273162241768,1.1862112797580464,1.400686152947482
192.0,-192344.0197576168,1.003203778263365,3.642579464535118,1.2308128887030743,1.391143348675305
193.5,-192343.05597645583,1.0090797881048288,3.6080651830595203,1.304980662623377,1.3706710576577679
195.0,-192341.59094127707,1.013505998016384,3.5468681310261587,1.3922509136646128,1.346301119641087
196.5,-192343.43360388436,1.0205215210145189,3.446000466418483,1.4807692666919967,1.3231006899606605
198.0,-192349.12757121684,1.037919890831497,3.2992305198551173,1.5614051230996875,1.3119635755916081
199.5,-192344.62350216432,1.044199041094481,3.11891117746364,1.6286954342590454,1.3203903191938542
201.0,-192337.6728574354,1.0118893519845351,2.9364592939809184,1.6835147358011318,1.3391746492838599
202.5,-192333.33961159346,0.9994069935587555,2.769501895482769,1.7276548732406365,1.354347257621266
204.0,-192335.53724149725,1.010038864187163,2.622855648552073,1.7596983182915777,1.3575183834065387
205.5,-192342.1619955827,0.991801920746354,2.5051170045207667,1.7752443589458087,1.3449796379690742
207.0,-192352.18360603697,1.0044441043367944,2.376926885514053,1.769624360300651,1.3176250512023637
208.5,-192360.03177719028,1.0728509777944637,2.1862021056239067,1.7399773946157546,1.2862903086495316
210.0,-192363.63747506437,1.0632941550408341,1.9914582545074995,1.6850707092223944,1.2746810803250612
211.5,-192356.07887251562,1.0041646063806622,1.853694600628794,1.609286681857341,1.300079670258531
213.0,-192352.3647461923,1.037140110508708,1.7559892703867277,1.526489198042737,1.3525415067180309
214.5,-192353.93581489485,1.0405915481774843,1.8011679606216933,1.453429961774554,1.40668252531009
216.0,-192355.7029287784,0.9834420571013843,1.9746682238562832,1.4012101826396188,1.439829187088891
217.5,-192345.81979976883,1.0121102477690869,2.1381521528512595,1.3722406245645162,1.4389146311554877
219.0,-192335.5619004392,1.0256318619588096,2.24013828523361,1.3622814781006276,1.4040708068196976
220.5,-192332.7747240344,0.9699368467706044,2.2486448939002233,1.3652462472217104,1.350446912254031
222.0,-192334.32253105403,0.984713063351666,2.166534366141463,1.3777752354330874,1.300318663251216
223.5,-192337.39967346613,1.0156260186356232,2.0448772719722657,1.3996376379057422,1.2731932382856754
225.0,-192341.81578078383,0.9828110799011855,1.961064672902241,1.4316309989087521,1.2771834806504845
226.5,-192348.85641277663,1.0001931159171762,1.9480161559529803,1.473083182563476,1.3021346696472853
228.0,-192349.25246530632,1.0592654999472457,2.011912398146576,1.5210983976565762,1.3239193621259913
229.5,-192351.83441647326,1.0625557248896293,2.1507642644923397,1.5711286239542743,1.319866477226723
231.0,-192357.95383666916,1.052202413142367,2.30523145217214,1.6181203291564168,1.2902302854354972
232.5,-192361.18275927583,1.050765550232577,2.444464468893591,1.6573235166631288,1.2613240541266677
234.0,-192354.88345987388,1.0337575822822902,2.564412280885212,1.6836122044185493,1.260521736297538
235.5,-192350.78010083054,1.0258677902330628,2.655907251551833,1.693522575338349,1.2928646157679644
237.0,-192345.38473445948,1.0262194235016386,2.725278526478684,1.687328536250124,1.3418625937545126
238.5,-192343.96448838507,1.0160575494819888,2.7818378166226974,1.667876611050869,1.3869245689712109
240.0,-192343.7041521687,1.0226399920680422,2.8123965345082076,1.6376163139026731,1.4169591789435103
241.5,-192347.58835217843,1.0454931421585587,2.8155310004400844,1.5984856640650473,1.4275782091675413
243.0,-192350.24417166927,1.0430501881111913,2.8259061337533837,1.5516917159616332,1.41825541186859
244.5,-192350.21715570387,1.034935239219976,2.8684591985430288,1.4967836329310102,1.3974424439748905
246.0,-192352.4134302396,1.0376621849155652,2.950466513759189,1.4335125087350953,1.3775515250201131
247.5,-192355.30653512248,1.023450442647993,3.062040484364476,1.3651311641933515,1.366271306286264
249.0,-192353.82768675627,1.0241620047549094,3.17131985303086,1.2980907527501853,1.3668413896450364
250.5,-192352.40607508708,1.0224743876897677,3.2625135639864977,1.2425777300418153,1.3723652586670871
252.0,-192346.10843172256,0.9820442623959206,3.3292521964167587,1.2121954008791953,1.3678325047697923
253.5,-192342.68028679315,0.9877749343240375,3.379354539293796,1.213585344321907,1.3472241180251183
255.0,-192340.99125704842,1.0216719207536182,3.4058297323897158,1.2420779919766207,1.317137289692062
256.5,-192349.0075408738,0.9930924508501527,3.3886851307212917,1.287385134782183,1.2909332437976944
258.0,-192352.2061384346,0.997597700478066,3.3397403594220005,1.3396719247428535,1.2834775263718665
259.5,-192358.93402624739,1.0632271974466772,3.246283412165836,1.391273944303046,1.3028375792255877
261.0,-192362.62625088746,1.0378215370192363,3.0827953369701406,1.4379265101872325,1.3424179843250277
262.5,-192368.55029813512,1.0045878130667087,2.893430582031159,1.4788383140097658,1.3865619312962179
264.0,-192365.58185780077,1.0478048634073192,2.72489610280688,1.5158022085854845,1.4174203604864504
265.5,-192361.13544550093,1.0363884940394419,2.5995226682571486,1.5494780073930958,1.4210628433014543
267.0,-192354.92156604188,1.018919309588967,2.5015099014476667,1.578273123611425,1.3940484889141156
268.5,-192350.06658634768,1.0349323666210186,2.4142611417706603,1.6001984291427502,1.3443754668980712
270.0,-192345.91422271138,1.002620025109382,2.3539097745057145,1.6130808533398269,1.2913926387183758
271.5,-192347.21823672103,0.9729112437909699,2.305467957802207,1.6139623994511478,1.260186791655102
273.0,-192348.15300244323,0.9950173414797046,2.255201978497925,1.60090766670327,1.2637171002593486
274.5,-192353.153072381,0.9759452865035398,2.221964492127562,1.5751388236391488,1.2940483022718139
276.0,-192349.50083820865,0.9541734845085812,2.1955229809540056,1.5398214521279185,1.3286078284047769
277.5,-192345.1830323788,0.9922350658803407,2.146612892589251,1.4980371099300858,1.343309043048244
279.0,-192342.91803683192,1.0077492010390787,2.066110207146983,1.4527065607579137,1.325570467560341
280.5,-192343.71085929632,1.0092856046044254,1.9612082073062678,1.4092543108960445,1.283270321833063
282.0,-192344.95632060425,1.0114123425505153,1.8904152552421511,1.3729193468090646,1.2494834628327403
283.5,-192349.5132829867,1.0135296195410877,1.8965443227994887,1.3449324441416641,1.2558770138056852
285.0,-192354.58144696776,1.0623029432334068,1.9414352323549413,1.3279111305067748,1.2995810513297568
286.5,-192354.7303212575,1.072779964084159,2.0276978096555065,1.3296419386682996,1.3486676459679958
288.0,-192357.42108346705,1.0073524238472569,2.136780080177529,1.3534984306781823,1.3768404909906244
289.5,-192359.78632239383,0.9979259616725126,2.193881259996152,1.3936712498647115,1.3815693761354253
291.0,-192357.59316074714,1.01212748199732,2.232434404860013,1.442382428341417,1.3672347479333566
292.5,-192355.13604826006,0.9776468664264286,2.307979972673349,1.493021843136386,1.3414004198653695
294.0,-192357.87288416427,0.990655807917337,2.380716305297605,1.5362936232223876,1.3211293036484648
295.5,-192358.16994129945,1.031067890963423,2.4303530544182395,1.5628357889054227,1.3202169462127578
297.0,-192361.2202942197,1.0492033798608755,2.4347929592488846,1.5706021967997557,1.336317417998103
298.5,-192360.81093964603,1.087196690556581,2.358935641141077,1.5646933251418138,1.3543917292625305
300.0,-192359.63902527516,1.08794819073918,2.277429824591341,1.548539055915457,1.3645059807374724
301.5,-192351.94545884995,1.0399410407568561,2.2539114910764257,1.5216810703724715,1.3695173860708572
303.0,-192353.91864428303,1.0357480624108173,2.252219588661832,1.486885221712358,1.371005974157658
304.5,-192357.99078160495,1.0737450419124912,2.28352935406037,1.4506947201346627,1.3633866119550833
306.0,-192364.87287685124,1.047531219943096,2.379707931941769,1.4160157781569955,1.3478457308393712
307.5,-192364.55356913156,0.9862470313656564,2.464715319641432,1.380718391826866,1.3377236074169845
309.0,-192359.3467631896,0.9953466790413653,2.4774133277800154,1.34572324834291,1.3421511601299452
310.5,-192351.47544217788,1.0130427621172897,2.4513121500914012,1.3166463337803864,1.3602490697363867
312.0,-192354.84324343438,1.0000696325434226,2.417449873434991,1.299456704731423,1.387607648783044
313.5,-192356.6114357621,1.0211410307005766,2.392756878999607,1.300650013466573,1.4158186048481327
315.0,-192353.56336600712,1.0721573450547979,2.3898571053014463,1.3255059516119778,1.4348476219846253
316.5,-192353.36290035988,1.1114820765121676,2.393348646827585,1.3734616587811896,1.436932556917219
318.0,-192358.26160359467,1.0806851631587338,2.388027118316117,1.4365739201671064,1.4184808478194733
319.5,-192356.47177023764,1.0309181447320754,2.351912754800689,1.502337611611588,1.388433278378297
321.0,-192358.44040100568,1.0502486347489113,2.266381590790162,1.561044463100591,1.3607756003675038
322.5,-192357.79364687065,1.0424544284128527,2.1628782817247485,1.6076396896792595,1.3413870620417452
324.0,-192358.37887407918,1.0070750828716555,2.0687596463908817,1.639039468168993,1.3326806761602634
325.5,-192355.00636961963,1.0241539204656256,1.986789476418989,1.6532714218927087,1.3361636770712213
327.0,-192354.86382607,1.0238212871046894,1.9674941060639837,1.6513277074202692,1.3421463097840265
328.5,-192354.4746596881,1.0167934452970389,2.0107297389221808,1.6362440945201524,1.3327687165084976
330.0,-192356.56597254786,1.0448422860726656,2.070830916526548,1.6102021253835737,1.3016926602010521
331.5,-192361.42965189565,1.022980040395523,2.1466370779422435,1.5734238310838762,1.265598450975642
333.0,-192364.94069784935,1.0001286024509572,2.1971801101484334,1.5262211668238759,1.2487742902964794
334.5,-192363.70588688884,1.0448429898348202,2.199892480058852,1.471561911699607,1.2601952734008854
336.0,-192360.27670149514,1.0193827910535995,2.207203109206541,1.4158132413190752,1.2869518029244051
337.5,-192357.04471305854,0.9615862216339797,2.223463819584235,1.3667486934450708,1.3108593407397182
339.0,-192349.878362183,0.9792074136170535,2.243883367438403,1.3327899355234403,1.3170819133939229
340.5,-192351.2430307405,0.9899260007843532,2.315902473799803,1.3207168398172515,1.2992136770118714
342.0,-192355.3701988046,1.012742733410926,2.402168768789024,1.3320487067976337,1.2676195712165785
343.5,-192357.15210459725,1.0525531262201817,2.451245288966796,1.3606592769734214,1.2462630497990588
345.0,-192359.45902925587,1.0618608404907723,2.4586747699838023,1.3960287713037742,1.2569569631518527
346.5,-192364.8178301649,1.0747644714001836,2.4302544383594404,1.4318519928809808,1.298770530179193
348.0,-192364.39908896905,1.0591758670741644,2.4045184553192587,1.469131033257332,1.3481102941253151
349.5,-192363.83222649826,1.0135854173688894,2.4018095793394756,1.509122344166032,1.3822785332787602
351.0,-192364.12220024905,1.0170965181859717,2.4005077950054705,1.549495473314877,1.3880384750389578
352.5,-192368.54234385802,1.0415476640520085,2.415328341445254,1.585369996649862,1.363161691786981
354.0,-192365.46355972075,1.0452886083555823,2.425954438097996,1.6094055502864464,1.324315752538539
355.5,-192363.977073114,1.0581107455885903,2.3897063573317285,1.6142265955925674,1.2975762334676852
357.0,-192362.18458386863,1.059367905803925,2.3532931952010188,1.5959522906456056,1.2992513513766597
358.5,-192363.41907190427,1.0669936191632141,2.352356042299606,1.5574156646850879,1.3294706708301045
360.0,-192358.75124657666,1.0852741530582553,2.380691509240224,1.5088223989790304,1.371450256906037
361.5,-192358.4407945424,1.0709117587014663,2.430211417368096,1.463023493338474,1.3982854818437571
363.0,-192357.02169994224,1.0577323777931673,2.4639820301158,1.4279029674262815,1.388749053654676
364.5,-192364.35552388735,1.0620955078611645,2.452134059835888,1.4047621929896221,1.3396803362640015
366.0,-192362.72216454768,1.016129787940768,2.3996795155737143,1.3918272013885409,1.2744546458458037
367.5,-192356.94458877388,0.9890117995187361,2.3238427417145537,1.3858351757781266,1.2379995265051804
369.0,-192353.14477226953,1.0034094269952605,2.260921501123205,1.3863131122507224,1.2584002229697386
370.5,-192356.9668750831,0.9836415379262504,2.2315656024096304,1.3971402125632724,1.3179521531332719
372.0,-192353.76157140912,1.0212613412102407,2.174740956364795,1.4205723609355527,1.37575010006301
373.5,-192356.56821520507,1.055994335417733,2.0907693477994633,1.4545603271574605,1.3982171541063173
375.0,-192361.45784198827,1.025530830805024,2.0441716583458844,1.4951619809552246,1.3776025378861037
376.5,-192365.27315632443,1.0502469337606157,2.027085188646181,1.5381465693002292,1.337208428285359
378.0,-192363.35802024545,1.071441773678932,2.0787992397046278,1.5797600927487632,1.3076171325622588
379.5,-192364.4150832103,1.0401139776360728,2.188990570404388,1.615793360614921,1.3080532995744252
381.0,-192365.3371671694,1.0332929505684616,2.2701460222380816,1.642022971493059,1.3385409346290549
382.5,-192363.83338364004,1.0128926354987655,2.2933407727328845,1.6552733439012426,1.382151169122425
384.0,-192359.6221997929,0.9873851416613416,2.2591145558096106,1.65456239871874,1.4204833573065991
385.5,-192355.36029676234,1.005547122788952,2.199496252724533,1.6415622505113432,1.4378108871612834
387.0,-192359.65489374893,1.0094564969641688,2.192616662221732,1.61896720561828,1.4263505847471796
388.5,-192363.15905747138,1.030897961766554,2.258405556546991,1.5880327172488398,1.3955596994589279
390.0,-192363.69068604903,1.0858753381087216,2.3727106079891302,1.5489443226350885,1.3620490958631426
391.5,-192360.11534563138,1.0998001259934134,2.4925522972571272,1.5030790859122922,1.3349148449300678
393.0,-192356.69933825493,1.093742104556306,2.542259417104097,1.4528932842887687,1.3196120015550081
394.5,-192358.56487398795,1.0873358969657148,2.492890307416878,1.4008701827480103,1.3201511601989546
396.0,-192360.38159592752,1.0181632562996303,2.4034402595388054,1.3513365029763769,1.3342873791163756
397.5,-192361.82285052628,0.9834318465002151,2.3220162639442736,1.3120022646754719,1.3539209507871253
399.0,-192363.59744071678,1.0262872157039675,2.283949633597937,1.292673258450029,1.363687286647228
400.5,-192370.4661731543,1.006152486926153,2.341946168293546,1.2997732150701786,1.347988683052255
402.0,-192371.41580853524,1.0127490150317224,2.4220489693597305,1.3297750040650025,1.3107013168324613
403.5,-192368.45149107015,1.082213385763963,2.4424387688015305,1.3719153533586996,1.2751355867026803
405.0,-192369.08414928094,1.0651076949296832,2.428181309637381,1.4151229211112084,1.2654117749060736
406.5,-192372.16631049232,1.045801198385609,2.3940007255468476,1.4513398940616835,1.2924563925005983
408.0,-192371.35555478025,1.0601171700428447,2.3735968644465673,1.4787923217173164,1.3441961913499738
409.5,-192366.9830472133,1.0486978265871536,2.3965568667803185,1.5013700997603507,1.3938381383652723
411.0,-192364.5347038164,1.046525658371913,2.4311748146872234,1.5223340518926762,1.4202914781172984
412.5,-192368.62175411257,1.0216343098141492,2.473210125475173,1.5396063158829487,1.420726251775462
414.0,-192366.9260603235,0.9825401423195541,2.5068775723494374,1.5469590985143704,1.40969622375089
415.5,-192363.44957248252,0.9976783367969136,2.50544374966956,1.5402056385707703,1.4006995555987372
417.0,-192364.53241960905,1.0023406692262407,2.4705558951372733,1.519099248071119,1.3966793502615222
418.5,-192368.21025543305,1.0018356197373128,2.3908041885373326,1.4862737902074987,1.3990744348233797
420.0,-192364.46109566814,1.0313870227087107,2.2828679401425354,1.4478235747879182,1.4071471670436662
421.5,-192356.76677149785,1.035144320127671,2.213269564663653,1.4126295624374665,1.4129719337422564
423.0,-192355.92317220368,1.0421490607316368,2.210052053466755,1.3887630957174686,1.4090840691827196
424.5,-192359.26042670966,1.0493206882317048,2.2692380521557896,1.3796533439669993,1.3942527524350896
426.0,-192357.17305702384,1.0121087139451401,2.3664865417792442,1.3832468877763306,1.3726836382689067
427.5,-192354.54912282518,1.0038241478183847,2.4416372695937354,1.3943120573169185,1.352105642548875
429.0,-192357.1586969188,1.0385622876723286,2.437378952344255,1.4085575679160234,1.338241497769816
430.5,-192364.19792207077,1.0060364929112742,2.3447642173754466,1.4240112966313363,1.332785685388514
432.0,-192372.51345989326,0.9913021777890877,2.191041473702877,1.4395326114480225,1.33699326392
433.5,-192374.77024419725,1.0397652211962822,2.0444846756607222,1.4542523380070418,1.3477029701097691
435.0,-192372.79884598975,1.0297594236115226,2.01769653119652,1.4697445243404317,1.3525096058600163
436.5,-192371.76714333962,1.041085577654529,2.0825674579802675,1.4888438341237713,1.34218608208668
438.0,-192368.28323683835,1.0879660157658217,2.1986462544134024,1.5111385743539711,1.3200117094966513
439.5,-192360.11228466543,1.070190621559236,2.3324570527974684,1.532273770051056,1.297858132958201
441.0,-192362.54986225258,1.0348271389781831,2.389018742266554,1.547702317488229,1.286575219465541
442.5,-192363.70586422755,1.0010507558275308,2.365241358765646,1.5543122227139818,1.2907774274563577
444.0,-192360.19053397162,0.9717688035420896,2.309660468001811,1.5496032586649362,1.3102150697282966
445.5,-192358.94815677434,0.9685169461460269,2.2546822132233495,1.5334638153531785,1.3340072241044378
447.0,-192363.9334588561,0.977478483383685,2.2255970050517435,1.5095435958517203,1.3435384687925318
448.5,-192364.4534678064,1.0184267150305395,2.196022301156111,1.4818601188259362,1.3313725280269995
450.0,-192363.1446571868,1.061265922045968,2.1416938469144298,1.4517399966137858,1.3065623027163622
451.5,-192359.95883528236,1.046528661437315,2.0962681381624604,1.4190722945256466,1.285191543061652
453.0,-192360.72705996703,1.050948445277947,2.0606299269929513,1.3851188164019956,1.2847379974059965
454.5,-192368.01600335762,1.0578774044846089,2.0933278487388707,1.3551804203547215,1.3080719200966147
456.0,-192371.51508200474,1.0098489200012581,2.2435103710222233,1.3376538733877938,1.3348495589442932
457.5,-192369.80269810083,1.007293336606218,2.42547035119264,1.3383761227329796,1.3409612451042516
459.0,-192368.9511770177,1.0183866605579366,2.56871393298841,1.3567578015615274,1.3202220029799128
460.5,-192371.17843017593,0.9739569655746888,2.63213850971386,1.3847386733269478,1.29039281955231
462.0,-192370.3916899467,0.9975890478870517,2.590666885181053,1.411011823899022,1.2793596250773334
463.5,-192372.65663733886,1.0433682279984342,2.4796502357538173,1.429265195766492,1.3027745618084468
465.0,-192373.38434452316,1.0328150090443915,2.3523214488032975,1.4421610386935229,1.3527073976582351
466.5,-192371.27926884874,1.0760962949929576,2.2149257070316373,1.4563933942982976,1.4065531825624586
468.0,-192365.41943904746,1.1256234350411929,2.1142961978237538,1.476730988712936,1.4396980025609558
469.5,-192363.84919006933,1.0901183163983237,2.1037947903067336,1.5044605706131664,1.4347043235285126
471.0,-192364.8569980416,1.0472302013620858,2.1310853413286446,1.5368402134337849,1.390216199740711
472.5,-192365.96607940536,1.0364524189280504,2.1671794763635854,1.5677396266797612,1.3233609483345918
474.0,-192362.92353949975,1.006154389670801,2.2318936453879057,1.5902237324672501,1.2657350164462207
475.5,-192362.94907278434,0.9772612416382055,2.302164989160481,1.6005151495408059,1.2466592738379834
477.0,-192364.4269519606,0.9838953800676995,2.3368489887249,1.5987119008495292,1.2718410683794592
478.5,-192365.37941917576,0.988901357320758,2.3067199313506115,1.586097700495135,1.3206773118348158
480.0,-192364.00642561016,0.9928150041436844,2.204126622008225,1.5634919035309358,1.364687549314272
481.5,-192364.0387527898,1.0008494208136889,2.0794294607506227,1.5333743095704202,1.385756093022669
483.0,-192363.83864510688,1.0286734779030415,1.98760849014818,1.5010816340730029,1.3850451429748254
484.5,-192366.0221774214,1.061110998752603,1.9585862502144686,1.471803224018158,1.375692193120464
486.0,-192364.31635250215,1.0565690808078674,2.0122706191035773,1.4483615531345213,1.3691091145002374
487.5,-192364.47393985614,1.0565487463143135,2.095822505110792,1.4316928425192945,1.372006906211106
489.0,-192369.0078483414,1.0592471400151449,2.1554218536172485,1.422069098727775,1.3866961409297065
490.5,-192370.3791537389,0.9901391566038136,2.2081369181281856,1.4191987263797508,1.4095464809914562
492.0,-192366.5777261697,0.9627300714834724,2.2452035900629577,1.4213036878476322,1.4362117476211158
493.5,-192364.86393968447,0.9915710899049036,2.274912513246441,1.4267040800121544,1.4601518675986145
495.0,-192364.89581442843,0.9609405897024426,2.322187410841692,1.436203624025726,1.4674004599000072
496.5,-192369.07576233914,0.9965172861338821,2.3366580041961345,1.45074577426594,1.4439376282607037
498.0,-192376.93257208966,1.0439992988737203,2.327666759252951,1.467834142756997,1.3881760591940584
499.5,-192379.05894670452,1.0163163293115245,2.346134750164874,1.4832844980211102,1.3163952794900449
501.0,-192372.99483341206,1.0550434412737306,2.3753951294033606,1.4917927752213611,1.2606350369653354
502.5,-192368.8693256128,1.096923660021527,2.4391447253550567,1.485985418735448,1.2508504793303499
504.0,-192367.8418209384,1.057208497809302,2.530724147171355,1.4634625196781463,1.2894504483818836
505.5,-192364.65350970172,1.0450004158881803,2.5649432563391703,1.4325751903971933,1.344776396072296
507.0,-192366.09768467018,1.0522762161503991,2.5332797892610497,1.4050881561503938,1.3772803710641033
508.5,-192368.79132444662,0.9940261882984577,2.4973660716710167,1.385939829990667,1.3718538358391454
510.0,-192374.21149913882,0.9760074080734363,2.476703868261939,1.3745650500766255,1.3390228564053133
511.5,-192377.92176538095,1.0335660368150648,2.4774409697692827,1.3691837382319045,1.2995831027340918
513.0,-192374.69318321496,1.0612442409114153,2.4767603639159383,1.3665149857169283,1.276968894167727
514.5,-192373.67794517512,1.0830510741756363,2.4022031496089364,1.3658344940734912,1.2821644341843883
516.0,-192377.48471715016,1.0888304961134587,2.2886735681792607,1.3705807466852926,1.3113875534298687
517.5,-192374.6065307562,1.074539719862288,2.224861992529017,1.386174180066052,1.354422708107797
519.0,-192372.40274938167,1.0379130117179165,2.257546433532658,1.4165033495180683,1.3928876933709875
520.5,-192373.45376658897,1.0143425275823266,2.3637222046846453,1.4574324640374612,1.412858590688158
522.0,-192367.59762289963,1.0149071698884966,2.485591044551949,1.498857759375534,1.4140295919388897
523.5,-192359.7041062295,0.9817106179222282,2.5666718822834973,1.53368301593155,1.398434472443169
525.0,-192357.10346809684,0.9733468181936753,2.5772740863977543,1.5588372665179675,1.3700613982523433
526.5,-192358.8904009571,0.9976543456649037,2.5195236510677463,1.5716724952617482,1.343970999036386
528.0,-192363.4116266991,0.9684385308849566,2.4158660850572997,1.570278114545837,1.3370454504400302
529.5,-192364.9035102874,0.9913033307447136,2.315364351698914,1.5563643358094559,1.3520582263648324
531.0,-192366.8428379557,1.0674788922891776,2.2595730777903,1.5345677860351958,1.3783998832916182
532.5,-192370.74142740935,1.0636930527685289,2.271494410518342,1.5092845932720875,1.4027979806321575
534.0,-192372.86304611297,1.039370437562016,2.328633749120168,1.4835951265866296,1.413937893780538
535.5,-192372.00611521024,1.0755053780939494,2.3779131504918647,1.4594068920191499,1.4036430267577655
537.0,-192370.07070750382,1.0386165209497822,2.4063510380030384,1.436634175890902,1.374507720749626
538.5,-192367.9477438785,0.946524589111009,2.4237302059284307,1.4142317027216638,1.3417609393381422
540.0,-192369.56057707334,0.9972712189958364,2.412642451747168,1.3913679785403352,1.3227564806715595
541.5,-192367.98124513598,1.0135589898102595,2.419454910747653,1.3695677932107593,1.3226310057992539
543.0,-192367.34190225144,0.990133698613507,2.4325426061297906,1.355285336170615,1.3263282900449387
544.5,-192369.1682574112,1.054275587151826,2.389767449642582,1.3541683793999737,1.3174019596663389
546.0,-192368.9854807335,1.0698576343247108,2.3357612716547584,1.3660757381005617,1.2961992017907544
547.5,-192365.09430543223,1.0314991008744594,2.3139160108977608,1.389191208458499,1.2706967349733482
549.0,-192369.86107242774,1.0590837427970203,2.310473538489996,1.420501308176043,1.2500631570471574
550.5,-192370.65005100908,1.0758626241138405,2.33938262113955,1.4523297216508348,1.2468077763099281
552.0,-192369.9767574761,1.0018728612148569,2.387849962015212,1.476974714357165,1.2637000848216915
553.5,-192368.27621832216,0.9798190333547003,2.3900982264522646,1.4942195104329428,1.2833638295473524
555.0,-192366.95552126976,1.0138036698222022,2.3553547275179185,1.5042828026684716,1.2953713383898389
556.5,-192367.48269787454,0.9745414084958918,2.3440824173528254,1.5031134614089712,1.3085345437330362
558.0,-192372.00089716614,0.9888056098643052,2.3186464573322287,1.490564257282068,1.325969514556166
559.5,-192372.44727732072,1.0819899666321704,2.2690046357765894,1.471469177057462,1.3409846406247814
561.0,-192369.73991325664,1.1041262709500814,2.2216387032544156,1.4496916767003694,1.3513567446694348
562.5,-192372.45820265665,1.0597125690847786,2.1601920862465946,1.429144950734278,1.3551597493340628
564.0,-192375.26597129696,1.0386290877288733,2.096293211101008,1.4144678274286893,1.3503107135837766
565.5,-192374.8008950293,1.0394366095424201,2.081175523699111,1.4074389858206735,1.3409307636767414
567.0,-192374.63321372282,0.9902325045857892,2.15653257109837,1.4072012645777667,1.3300620725388925
568.5,-192375.98412304337,0.9896752190848267,2.235712905724278,1.4114148928548835,1.319916677050996
570.0,-192369.23559577655,1.0260693071511178,2.2537678493954365,1.4166825724198713,1.3157224912271035
571.5,-192367.89276575114,0.9880508412789905,2.211521601771502,1.4213261253797123,1.3195817534491434
573.0,-192369.82299721523,1.0034169462217495,2.0919728446825654,1.4261374116814614,1.3301738786024166
574.5,-192369.44797676525,1.0460939979268844,1.959999167928031,1.4321449507350628,1.346219832197606
576.0,-192367.25835899787,1.011284820245994,1.9197844657097118,1.4419566901510374,1.3599434314910868
577.5,-192367.70208187102,1.0252640206013748,1.9298299109454706,1.459031771204714,1.357434297295792
579.0,-192366.5885338543,1.0915438754234068,1.9567513056155847,1.4834166468923276,1.3321560531794472
580.5,-192369.6500926381,1.0590034870287548,2.020933529946512,1.51099089433972,1.2943974111146592
582.0,-192367.18606425825,0.9912855614180006,2.090737801956669,1.5367918577891573,1.266507463487504
583.5,-192365.41035385078,1.0198499791180917,2.1486050460284827,1.5568644719275029,1.2699155414912882
585.0,-192366.72833709436,0.9974800088293234,2.2445215620042442,1.5686510991453195,1.3075558917220542
586.5,-192369.64056430958,0.9540370912206103,2.3508775909626873,1.571792621548501,1.3574257004357806
588.0,-192371.23552388872,1.0240066516124806,2.407725520986656,1.566318415655456,1.3911313327475734
589.5,-192374.25085699992,1.0498915527005632,2.4092537339206643,1.5514889197960455,1.3952921323308718
591.0,-192376.85336393185,1.0376804154305603,2.352560413052103,1.5277473209231642,1.3750487002803085
592.5,-192374.00556987233,1.0721137593719925,2.2795901343656535,1.4973271469512606,1.3476902281565082
594.0,-192368.99079771852,1.0846773208801412,2.26968747712027,1.4628160678244193,1.3346700506216347
595.5,-192368.9732789926,1.0333584335081163,2.352083106952014,1.4268006702769696,1.347725223308228
597.0,-192370.2677277847,1.0129143798410896,2.474360666962421,1.3920479079833559,1.3803735109074242
598.5,-192367.57036643274,1.0416312074305027,2.5640936856596954,1.360845609378389,1.417850789732313
600.0,-192364.77676261473,0.9863070995626319,2.5983193079725715,1.3370091447631036,1.4449327919215673
